timestamp,open,high,low,close,volume
2025-03-06,146.27066040039062,152.7792510986328,142.7803955078125,143.355224609375,4204376336
2025-03-07,143.355224609375,150.02325439453125,135.7171630859375,139.20913696289062,6090751623
2025-03-08,139.20913696289062,140.90457153320312,135.48297119140625,136.94207763671875,2270939562
2025-03-09,136.9428253173828,139.72576904296875,125.93571472167969,126.43543243408203,3429886567
2025-03-10,126.43543243408203,131.24095153808594,115.91789245605469,118.291748046875,5519806938
2025-03-11,118.29167175292969,128.14886474609375,113.189208984375,125.26394653320312,5259428587
2025-03-12,125.26190185546875,130.6551055908203,121.36756134033203,126.58324432373047,4112201839
2025-03-13,126.58324432373047,128.15863037109375,120.90947723388672,123.28614807128906,2871050068
2025-03-14,123.2865982055664,135.6434783935547,123.11714935302734,133.31448364257812,3161542602
2025-03-15,133.31324768066406,136.48133850097656,132.55995178222656,135.91253662109375,1844463215
2025-03-16,135.9167938232422,136.468994140625,125.38740539550781,125.98810577392578,2456569508
2025-03-17,125.98741912841797,130.52687072753906,125.86190032958984,128.16371154785156,2487364373
2025-03-18,128.16134643554688,128.16134643554688,121.94453430175781,125.31269836425781,2534317858
2025-03-19,125.31228637695312,135.92552185058594,124.29732513427734,135.572509765625,3539287974
2025-03-20,135.57415771484375,135.77261352539062,126.85357666015625,127.49718475341797,2469659459
2025-03-21,127.49885559082031,129.95623779296875,124.97737121582031,128.43031311035156,2370317364
2025-03-22,128.429931640625,131.57618713378906,127.93255615234375,128.4849853515625,1442831196
2025-03-23,128.48448181152344,133.9619598388672,128.34225463867188,132.5993194580078,1711242607
2025-03-24,132.5993194580078,144.88308715820312,132.16180419921875,140.86927795410156,4207560020
2025-03-25,140.87472534179688,147.05799865722656,138.3466796875,143.81707763671875,3585353324
2025-03-26,143.81707763671875,145.3684844970703,136.1363525390625,137.28857421875,3083070981
2025-03-27,137.29095458984375,140.1745147705078,135.92221069335938,138.34738159179688,2660348034
2025-03-28,138.3472442626953,138.95281982421875,127.98094177246094,129.42315673828125,3532896573
2025-03-29,129.4245147705078,130.38050842285156,123.07389068603516,124.587646484375,2253256988
2025-03-30,124.58648681640625,126.6233901977539,123.3007583618164,124.64263153076172,1639017444
2025-03-31,124.64402770996094,127.6968994140625,123.07923889160156,124.69412994384766,3206702485
2025-04-01,124.6953353881836,130.0324249267578,123.94904327392578,126.68238067626953,2993289339
2025-04-02,126.67960357666016,135.69578552246094,117.74427795410156,117.75762939453125,5399672438
2025-04-03,117.74919891357422,120.78982543945312,112.47826385498047,117.06145477294922,4633002432
2025-04-04,117.06481170654297,123.90060424804688,113.60323333740234,122.78688049316406,5182517335
2025-04-05,122.78643035888672,122.78691101074219,117.18880462646484,120.25899505615234,1667996329
2025-04-06,120.25850677490234,120.93267822265625,104.0041275024414,105.7120132446289,3822458629
2025-04-07,105.7120132446289,111.47198486328125,96.58806610107422,106.90277862548828,8644174246
2025-04-08,106.90526580810547,112.29893493652344,103.14452362060547,105.51219177246094,5353641480
2025-04-09,105.50959014892578,120.47077178955078,101.43473815917969,119.05754089355469,7096350476
2025-04-10,119.06228637695312,119.08255767822266,108.60169219970703,112.80392456054688,4310698523
2025-04-11,112.80731964111328,122.39859008789062,112.1864242553711,121.53237915039062,3953610468
2025-04-12,121.53269958496094,133.75885009765625,119.65934753417969,132.26055908203125,4089397536
2025-04-13,132.26258850097656,133.5068359375,125.52386474609375,128.58079528808594,3818650340
2025-04-14,128.5781707763672,135.18695068359375,128.23287963867188,129.3103790283203,4425565001
2025-04-15,129.31101989746094,134.1931915283203,126.1368637084961,126.26313018798828,3272094237
2025-04-16,126.26312255859375,133.59011840820312,123.72075653076172,131.44969177246094,4448562334
2025-04-17,131.45022583007812,135.9093475341797,129.73309326171875,134.69874572753906,3504448606
2025-04-18,134.70419311523438,135.868896484375,132.58799743652344,134.07350158691406,2142264993
2025-04-19,134.07350158691406,140.0926055908203,133.69476318359375,139.75025939941406,2522912658
2025-04-20,139.75289916992188,141.8303680419922,135.77146911621094,137.77459716796875,2796023398
2025-04-21,137.77459716796875,142.66159057617188,134.1223602294922,136.7043914794922,4162691832
2025-04-22,136.70184326171875,149.94924926757812,135.3777618408203,148.73941040039062,4659792312
2025-04-23,148.74000549316406,153.86874389648438,147.45079040527344,151.15272521972656,4699152180
2025-04-24,151.15394592285156,152.75404357910156,145.66134643554688,152.3036346435547,3903057847
2025-04-25,152.32135009765625,156.04518127441406,150.12779235839844,150.91500854492188,4411923686
2025-04-26,150.91726684570312,153.01953125,148.03741455078125,149.28936767578125,2128235815
2025-04-27,149.28970336914062,150.20872497558594,145.7666015625,148.24583435058594,2015737709
2025-04-28,148.2451629638672,153.20770263671875,144.89144897460938,147.8099365234375,3819502747
2025-04-29,147.8099365234375,150.044189453125,145.16932678222656,146.42787170410156,2872743502
2025-04-30,146.427490234375,148.20928955078125,140.71209716796875,147.64320373535156,3017472875
2025-05-01,147.6449737548828,153.86590576171875,147.61297607421875,150.84658813476562,3224541533
2025-05-02,150.8431396484375,151.73170471191406,147.45223999023438,148.05003356933594,2823970426
2025-05-03,148.0498504638672,148.95945739746094,146.1094970703125,146.79605102539062,1567415096
2025-05-04,146.79595947265625,147.68251037597656,143.82241821289062,143.98306274414062,1636835620
2025-05-05,143.98593139648438,147.61659240722656,142.89988708496094,146.69664001464844,2238980623
2025-05-06,146.69577026367188,147.0896453857422,141.6705322265625,146.7664031982422,2728680947
2025-05-07,146.7668914794922,149.33984375,144.88270568847656,147.2137451171875,4316881378
2025-05-08,147.21726989746094,163.9750518798828,147.2141876220703,163.96078491210938,6372889923
2025-05-09,163.96023559570312,175.86207580566406,161.24777221679688,172.82827758789062,7452318987
2025-05-10,172.82769775390625,178.5718536376953,168.92941284179688,177.62181091308594,4012477696
2025-05-11,177.62289428710938,179.62252807617188,169.7177276611328,173.02645874023438,4025374577
2025-05-12,173.03668212890625,180.9514923095703,169.07826232910156,174.24789428710938,6940951587
2025-05-13,174.24620056152344,184.70140075683594,166.80731201171875,184.00625610351562,5170161208
2025-05-14,184.0063018798828,184.7181854248047,173.7317352294922,176.709228515625,4610872279
2025-05-15,176.7086639404297,178.10504150390625,167.28016662597656,169.00999450683594,4347587992
2025-05-16,169.0146942138672,173.95809936523438,166.75723266601562,167.33395385742188,3495576096
2025-05-17,167.33395385742188,169.76828002929688,164.22494506835938,165.9308319091797,2783616834
2025-05-18,165.93197631835938,176.4924774169922,165.51353454589844,173.89871215820312,3866092629
2025-05-19,173.83578491210938,173.83853149414062,159.64749145507812,166.86422729492188,4498613127
2025-05-20,166.8642120361328,172.86056518554688,164.77964782714844,168.4836883544922,3787047019
2025-05-21,168.48411560058594,175.5224151611328,166.30487060546875,173.68173217773438,5254974027
2025-05-22,173.6822052001953,180.54624938964844,172.7552490234375,179.69094848632812,4913432701
2025-05-23,179.69146728515625,187.27975463867188,173.5706329345703,173.82542419433594,7488253558
2025-05-24,173.8404083251953,178.1427459716797,172.79171752929688,176.0424041748047,3002798120
2025-05-25,176.03448486328125,176.72129821777344,169.3577880859375,175.72547912597656,3395309315
2025-05-26,175.7256622314453,178.97799682617188,173.7002410888672,174.90789794921875,2872898398
2025-05-27,174.90769958496094,179.2212677001953,171.57545471191406,176.815185546875,3737068836
2025-05-28,176.8146514892578,177.37599182128906,169.10569763183594,172.18955993652344,3454599629
2025-05-29,172.1905975341797,175.1842803955078,166.25851440429688,166.5881805419922,3480369993
2025-05-30,166.5934295654297,167.3471221923828,156.03465270996094,156.23471069335938,4458908034
2025-05-31,156.23594665527344,157.9366912841797,152.441650390625,156.63894653320312,2817151487
2025-06-01,156.6378936767578,157.82785034179688,150.84341430664062,157.7845458984375,2554572841
2025-06-02,157.7837371826172,158.89463806152344,151.99745178222656,156.99806213378906,3070599881
2025-06-03,156.9980926513672,163.39369201660156,154.70765686035156,155.34317016601562,3739800274
2025-06-04,155.3417205810547,157.85304260253906,153.17564392089844,153.35964965820312,2694510572
2025-06-05,153.3593292236328,154.5604248046875,141.90293884277344,144.54295349121094,4691163987
2025-06-06,144.54290771484375,152.02252197265625,144.44039916992188,147.9131317138672,2780168622
2025-06-07,147.90805053710938,152.82553100585938,147.18727111816406,150.13406372070312,1895979261
2025-06-08,150.13389587402344,155.04188537597656,148.22442626953125,152.4300994873047,1928262265
2025-06-09,152.4300994873047,161.4990997314453,149.8399200439453,161.08865356445312,3689102023
2025-06-10,161.09471130371094,165.53392028808594,156.84259033203125,165.02816772460938,4891108456
2025-06-11,165.02816772460938,168.0181121826172,159.42578125,161.0558624267578,5292694830
2025-06-12,161.0558624267578,161.20278930664062,152.23741149902344,152.7896728515625,3655760294
2025-06-13,152.78704833984375,152.78704833984375,141.43714904785156,148.62835693359375,6346327306
2025-06-14,148.63223266601562,148.64666748046875,142.22569274902344,144.7637481689453,2159011897
2025-06-15,144.76339721679688,153.21786499023438,144.36363220214844,152.81439208984375,3600058127
2025-06-16,152.81439208984375,158.60787963867188,150.8699951171875,150.8699951171875,4629439778
2025-06-17,150.8648681640625,154.14801025390625,145.87115478515625,147.7498016357422,4505742897
2025-06-18,147.74905395507812,149.15914916992188,143.96722412109375,146.35311889648438,3507323344
2025-06-19,146.3552703857422,147.78707885742188,143.11187744140625,147.07147216796875,2754965137
2025-06-20,147.07290649414062,148.71890258789062,136.5124053955078,140.16859436035156,4112242022
2025-06-21,140.1680450439453,142.49974060058594,132.41424560546875,135.1610107421875,3335622844
2025-06-22,135.19635009765625,137.55213928222656,126.82627868652344,131.61569213867188,4990284543
2025-06-23,131.61585998535156,146.59849548339844,131.16085815429688,144.8467254638672,5742740781
2025-06-24,144.8467254638672,146.5894775390625,142.56668090820312,145.95452880859375,3709899362
2025-06-25,145.95350646972656,147.77401733398438,142.55795288085938,143.505126953125,3095794422
2025-06-26,143.5052947998047,147.7301483154297,138.8082275390625,139.0598602294922,3480832173
2025-06-27,139.05978393554688,144.4037322998047,137.79420471191406,142.1914825439453,3327165986
2025-06-28,142.19203186035156,152.43739318847656,141.3493194580078,150.8275604248047,2847495210
2025-06-29,150.82598876953125,154.42337036132812,149.532470703125,153.35308837890625,2462940245
2025-06-30,153.35308837890625,159.63160705566406,149.61244201660156,154.7353057861328,4752163067
2025-07-01,154.7350311279297,155.34742736816406,145.212890625,146.9266357421875,3599415509
2025-07-02,146.92874145507812,154.4098358154297,146.232177734375,152.22763061523438,3941952132
2025-07-03,152.2285614013672,156.1884765625,150.15145874023438,152.40179443359375,3748228101
2025-07-04,152.4020233154297,153.55760192871094,145.45196533203125,147.76364135742188,3575641174
2025-07-05,147.76290893554688,148.59071350097656,146.07684326171875,147.64144897460938,1579874806
2025-07-06,147.64146423339844,153.38705444335938,146.8997344970703,151.87294006347656,2921512526
2025-07-07,151.8733367919922,153.27696228027344,147.78939819335938,148.87234497070312,3661294298
2025-07-08,148.87196350097656,152.79660034179688,147.9498748779297,151.81039428710938,3885408944
2025-07-09,151.81039428710938,157.88002014160156,150.69989013671875,157.28150939941406,4759358090
2025-07-10,157.28150939941406,165.0765838623047,156.0460662841797,164.06277465820312,5703252463
2025-07-11,164.06253051757812,167.92196655273438,160.06564331054688,162.8833770751953,7095844188
2025-07-12,162.8833770751953,163.84532165527344,157.99803161621094,160.68484497070312,3795297694
2025-07-13,160.68484497070312,163.9575958251953,159.9158477783203,161.1940155029297,3865898680
2025-07-14,161.1940155029297,168.33612060546875,160.7777862548828,162.2752227783203,7130680773
2025-07-15,162.27561950683594,164.12208557128906,157.60275268554688,163.950439453125,6533486768
2025-07-16,163.950439453125,175.83580017089844,161.69142150878906,173.70848083496094,8415349750
2025-07-17,173.70848083496094,178.0684356689453,169.03152465820312,175.7930450439453,7913250794
2025-07-18,175.79193115234375,184.36900329589844,173.91468811035156,177.38197326660156,8439352014
2025-07-19,177.3819122314453,178.369384765625,174.31314086914062,177.07012939453125,4074891432
2025-07-20,177.07049560546875,183.31976318359375,176.52830505371094,181.54603576660156,6503778374
2025-07-21,181.54525756835938,198.91555786132812,178.56219482421875,195.9942626953125,11211509986
2025-07-22,195.98789978027344,205.87147521972656,194.2823028564453,205.70054626464844,14508715185
2025-07-23,205.71124267578125,205.75608825683594,184.32736206054688,189.54293823242188,10671351702
2025-07-24,189.539306640625,191.88336181640625,179.94815063476562,182.60606384277344,8921891799
2025-07-25,182.60394287109375,186.78858947753906,176.41354370117188,186.7796630859375,8613557362
2025-07-26,186.77980041503906,189.64695739746094,184.5326690673828,184.91387939453125,3756183776
2025-07-27,184.91197204589844,190.44314575195312,184.74012756347656,188.73348999023438,4713357652
2025-07-28,188.7321014404297,194.65802001953125,182.36875915527344,182.54156494140625,7456216270
2025-07-29,182.55848693847656,186.4884490966797,178.57058715820312,181.33531188964844,5430304723
2025-07-30,181.33531188964844,182.3795166015625,172.34226989746094,177.6940155029297,6074764559
2025-07-31,177.69378662109375,182.48248291015625,171.85279846191406,172.42434692382812,5443530167
2025-08-01,172.4171142578125,172.4171142578125,159.78857421875,162.87709045410156,8200357157
2025-08-02,162.87709045410156,165.1070098876953,156.0843505859375,158.48301696777344,4455060056
2025-08-03,158.48341369628906,162.8240509033203,156.87167358398438,161.95497131347656,3702562222
2025-08-04,161.9629669189453,169.71173095703125,161.43699645996094,169.42568969726562,4977909460
2025-08-05,169.4277801513672,171.56015014648438,161.64089965820312,164.096435546875,4979304041
2025-08-06,164.09857177734375,169.86183166503906,161.40118408203125,168.1757354736328,3851544154
2025-08-07,168.17543029785156,175.48870849609375,166.89454650878906,175.4854278564453,5177005321
2025-08-08,175.48545837402344,179.35963439941406,173.70159912109375,176.76329040527344,6565011386
2025-08-09,176.76312255859375,183.14248657226562,176.7598419189453,180.18234252929688,5297615193
2025-08-10,180.18289184570312,185.916748046875,177.99513244628906,182.90301513671875,6719478867
2025-08-11,182.9030303955078,186.6573028564453,173.68667602539062,174.97781372070312,7353962794
2025-08-12,174.9778289794922,193.4408416748047,173.8356170654297,191.85682678222656,8611505118
2025-08-13,191.85682678222656,204.4700164794922,191.49545288085938,201.59042358398438,11831412257
2025-08-14,201.58673095703125,209.66685485839844,187.7833709716797,192.58595275878906,14664456934
2025-08-15,192.5877685546875,198.13832092285156,183.76400756835938,185.7412567138672,7685764515
2025-08-16,185.7395477294922,189.98114013671875,185.45777893066406,189.76699829101562,3716008732
2025-08-17,189.76585388183594,195.4407958984375,187.7236785888672,191.16482543945312,4221788171
2025-08-18,191.16448974609375,191.35415649414062,180.4141082763672,183.0698699951172,6328028844
2025-08-19,183.06968688964844,185.7837371826172,175.99241638183594,176.11227416992188,5990636025
2025-08-20,176.11387634277344,187.68954467773438,176.10101318359375,187.5863037109375,6283111574
2025-08-21,187.5863037109375,189.40052795410156,179.7133331298828,180.28062438964844,5379108039
2025-08-22,180.27969360351562,201.93734741210938,177.47476196289062,200.64744567871094,10256417346
2025-08-23,200.6461639404297,207.83900451660156,195.37184143066406,203.93673706054688,7845395369
2025-08-24,203.93714904785156,211.76023864746094,201.7071990966797,205.8523712158203,11456987571
2025-08-25,205.85543823242188,213.00613403320312,186.02505493164062,187.2784423828125,13048248034
2025-08-26,187.26841735839844,197.84652709960938,186.17344665527344,195.90509033203125,8032115173
2025-08-27,195.906005859375,211.85757446289062,194.0631103515625,202.92337036132812,12883119559
2025-08-28,202.9257049560547,216.08740234375,202.00714111328125,214.4056396484375,12079041801
2025-08-29,214.40133666992188,217.83670043945312,200.43594360351562,205.22000122070312,14055051455
2025-08-30,205.2144775390625,206.80039978027344,197.89419555664062,202.86013793945312,5828701739
2025-08-31,202.85719299316406,206.5069580078125,200.6566925048828,200.86354064941406,5028997406
2025-09-01,200.8618621826172,204.2178497314453,194.37802124023438,197.10833740234375,7253329838
2025-09-02,197.10958862304688,209.48153686523438,197.09365844726562,209.48153686523438,8625200488
2025-09-03,209.4827880859375,212.82351684570312,207.58407592773438,210.74630737304688,6966454259
2025-09-04,210.74630737304688,211.79501342773438,202.12701416015625,202.5601806640625,5241887525
2025-09-05,202.54673767089844,209.8600616455078,201.1800079345703,203.49851989746094,7780086538
2025-09-06,203.49851989746094,204.5575408935547,199.64039611816406,200.24630737304688,3057210360
2025-09-07,200.2473602294922,207.86734008789062,200.22850036621094,206.4681854248047,4153166545
2025-09-08,206.46453857421875,216.8997802734375,205.7173614501953,214.1864013671875,10019366594
2025-09-09,214.18653869628906,219.52349853515625,211.1582489013672,217.2506866455078,8798692220
2025-09-10,217.25039672851562,225.51246643066406,215.27252197265625,223.98690795898438,9070263027
2025-09-11,223.98568725585938,228.90882873535156,222.025146484375,228.7561798095703,9580815361
2025-09-12,228.75624084472656,243.78890991210938,228.2635498046875,242.30328369140625,13008621197
2025-09-13,242.3009796142578,244.14328002929688,236.47329711914062,242.5959014892578,7478581447
2025-09-14,242.59559631347656,249.12413024902344,240.21392822265625,240.5576934814453,9358190854
2025-09-15,240.548095703125,244.0004119873047,230.4840087890625,234.35755920410156,10017744936
2025-09-16,234.35922241210938,240.6835174560547,231.8729705810547,236.9895782470703,7521208086
2025-09-17,236.97752380371094,246.4639434814453,232.7739715576172,244.85745239257812,10420751509
2025-09-18,244.85130310058594,253.20989990234375,242.90658569335938,247.6371307373047,9258651570
2025-09-19,247.63824462890625,248.50660705566406,235.87193298339844,238.55270385742188,7513642552
2025-09-20,238.5497589111328,240.99896240234375,237.17776489257812,239.5924835205078,3518711912
2025-09-21,239.5933074951172,241.80892944335938,235.71669006347656,236.57545471191406,3513052984
2025-09-22,236.57421875,236.8692626953125,216.9177703857422,220.49644470214844,12102727916
2025-09-23,220.50390625,221.3500518798828,212.8028564453125,213.71730041503906,7373425460
2025-09-24,213.71072387695312,216.38018798828125,206.0406036376953,211.75625610351562,8377116522
2025-09-25,211.75344848632812,212.4007568359375,192.08314514160156,192.38076782226562,12314273479
2025-09-26,192.39796447753906,205.415283203125,191.12664794921875,205.35255432128906,10334548744
2025-09-27,205.34518432617188,205.39913940429688,200.2690887451172,203.5833282470703,4016294139
2025-09-28,203.58323669433594,210.89622497558594,198.3204345703125,210.7377471923828,4467879569
2025-09-29,210.73973083496094,214.6881103515625,205.1308135986328,213.05340576171875,6886600486
2025-09-30,213.0449676513672,213.50680541992188,204.56564331054688,208.7431182861328,6873718512
2025-10-01,208.7422332763672,221.67587280273438,206.62066650390625,221.67587280273438,8264703260
2025-10-02,221.69473266601562,234.86058044433594,219.85984802246094,234.85687255859375,9665302715
2025-10-03,234.85398864746094,236.7911834716797,227.67674255371094,233.00196838378906,9289248668
2025-10-04,233.0009765625,233.90084838867188,224.4738311767578,228.00320434570312,4553115834
2025-10-05,228.00250244140625,236.77723693847656,226.89816284179688,228.6011962890625,7132874650
2025-10-06,228.60110473632812,237.32254028320312,227.998046875,232.5160369873047,7521265450
2025-10-07,232.5147705078125,235.08648681640625,220.45469665527344,220.4827117919922,9339230314
2025-10-08,220.4855499267578,229.5643310546875,218.18418884277344,229.10121154785156,7198664384
2025-10-09,229.0968780517578,229.31578063964844,217.19894409179688,220.99107360839844,7901186012
2025-10-10,220.99305725097656,224.25440979003906,174.06973266601562,188.6638641357422,16784427014
2025-10-11,188.63890075683594,190.87913513183594,173.75479125976562,178.05416870117188,12850012618
2025-10-12,178.0561981201172,198.8739776611328,173.52139282226562,197.508544921875,11797041281
2025-10-13,197.51219177246094,209.2491912841797,191.9441680908203,208.36729431152344,11469454798
2025-10-14,208.36355590820312,211.10504150390625,191.6710205078125,202.46034240722656,13600198608
2025-10-15,202.4618682861328,208.33116149902344,192.70005798339844,194.02186584472656,9867608882
2025-10-16,194.02186584472656,197.95574951171875,182.2513427734375,184.68894958496094,10042886154
2025-10-17,184.6862030029297,187.42857360839844,174.74417114257812,182.0347900390625,10401735741
2025-10-18,182.03616333007812,188.26788330078125,182.02398681640625,187.66029357910156,4108902789
2025-10-19,187.66029357910156,192.2006072998047,183.458251953125,187.79820251464844,4863227045
2025-10-20,187.79830932617188,194.34115600585938,184.046630859375,189.75067138671875,6103945646
2025-10-21,189.7620391845703,197.37448120117188,183.31324768066406,185.66627502441406,8186574439
2025-10-22,185.66732788085938,187.32662963867188,177.6731414794922,180.14813232421875,7337365275
2025-10-23,180.14813232421875,193.17556762695312,179.80087280273438,191.38827514648438,6358339771
2025-10-24,191.3885955810547,195.3123321533203,189.10888671875,193.5602264404297,5855077941
2025-10-25,193.56082153320312,195.08335876464844,191.60333251953125,194.04037475585938,3170047006
2025-10-26,194.03758239746094,200.6212158203125,192.1607666015625,200.02862548828125,4753310567
2025-10-27,200.02748107910156,205.02005004882812,197.59854125976562,198.74171447753906,6714497027
2025-10-28,198.74099731445312,203.83175659179688,191.38519287109375,194.4427947998047,8093133805
2025-10-29,194.43362426757812,201.6774444580078,190.6092071533203,194.41087341308594,8057327834
2025-10-30,194.40017700195312,198.0394744873047,179.2217254638672,184.62442016601562,8688393422
2025-10-31,184.6289520263672,189.85353088378906,184.02078247070312,187.20947265625,5699604751
2025-11-01,187.20925903320312,187.34556579589844,184.0620880126953,186.3800506591797,2742470897
2025-11-02,186.37965393066406,188.1415252685547,182.82925415039062,187.8259735107422,3213989849
2025-11-03,187.8260498046875,188.7412109375,163.5452880859375,166.0906982421875,10083921329
2025-11-04,166.0955352783203,168.20030212402344,146.7495574951172,155.40318298339844,11720472283
2025-11-05,155.3994598388672,163.65786743164062,147.89247131347656,162.56607055664062,7278004532
2025-11-06,162.56338500976562,162.779296875,153.79432678222656,155.06591796875,5543550041
2025-11-07,155.06640625,164.09254455566406,150.44387817382812,161.7081756591797,6565811742
2025-11-08,161.70852661132812,164.70510864257812,156.08547973632812,158.10250854492188,3777278818
2025-11-09,158.1029815673828,166.2310333251953,155.38453674316406,164.45384216308594,4538025398
2025-11-10,164.45126342773438,170.15528869628906,163.8563995361328,167.36700439453125,5424364139
2025-11-11,167.36734008789062,171.6073455810547,154.26486206054688,154.56832885742188,6202061657
2025-11-12,154.56333923339844,161.01406860351562,151.46876525878906,153.2620391845703,5979682267
2025-11-13,153.2600555419922,156.98609924316406,141.3976593017578,145.1084747314453,7354986019
2025-11-14,145.1084747314453,145.46722412109375,136.0413360595703,138.67660522460938,8170562276
2025-11-15,138.67660522460938,143.59059143066406,138.67660522460938,139.5352020263672,3449336899
2025-11-16,139.5326690673828,143.15945434570312,134.96566772460938,137.26573181152344,4722106857
2025-11-17,137.26535034179688,142.46754455566406,129.01918029785156,130.8482666015625,7330608944
2025-11-18,130.84869384765625,141.83172607421875,129.3094024658203,140.71438598632812,7400753648
2025-11-19,140.71438598632812,142.47825622558594,130.64390563964844,136.76695251464844,6005404886
2025-11-20,136.76776123046875,144.3306121826172,131.38912963867188,133.51715087890625,8497498957
2025-11-21,133.5139617919922,134.7876434326172,122.27206420898438,128.50050354003906,10081815694
2025-11-22,128.49856567382812,129.64389038085938,125.40487670898438,127.55120086669922,3490973210
2025-11-23,127.55113220214844,133.32691955566406,127.55113220214844,130.70506286621094,3820042054
2025-11-24,130.70603942871094,139.48390197753906,128.54151916503906,138.37135314941406,6046925667
2025-11-25,138.37889099121094,140.3466339111328,133.5081329345703,138.89114379882812,4512057787
2025-11-26,138.88987731933594,144.47103881835938,135.63246154785156,143.01219177246094,5361639551
2025-11-27,143.0125274658203,144.1732177734375,140.6957550048828,140.84640502929688,3419017564
2025-11-28,140.8464813232422,143.30421447753906,136.28543090820312,137.39019775390625,4865188881
2025-11-29,137.39064025878906,137.8857879638672,135.1206817626953,136.0817108154297,2428334173
2025-11-30,136.0821075439453,139.93711853027344,133.5648193359375,133.5648193359375,3123775023
2025-12-01,133.5648193359375,133.60720825195312,123.31387329101562,126.70902252197266,6212210725
2025-12-02,126.7086181640625,140.66482543945312,126.1412582397461,138.67420959472656,6173683503
2025-12-03,138.673095703125,145.73007202148438,137.94105529785156,144.89849853515625,5809364566
2025-12-04,144.89154052734375,146.7203826904297,138.0679931640625,139.0145263671875,4304817495
2025-12-05,139.01397705078125,140.3798828125,131.1352996826172,133.322998046875,4557254539
2025-12-06,133.32437133789062,134.06983947753906,131.50657653808594,132.34844970703125,2061286212
2025-12-07,132.34986877441406,136.23268127441406,128.2851104736328,132.09356689453125,3824892147
2025-12-08,132.0959930419922,139.2073516845703,131.67465209960938,133.27822875976562,4710407082
2025-12-09,133.27833557128906,144.74278259277344,131.8707275390625,137.901611328125,5869893316
2025-12-10,137.90609741210938,142.44235229492188,135.8628692626953,136.46902465820312,5949930252
2025-12-11,136.46376037597656,137.67807006835938,129.38401794433594,136.37156677246094,5833676784
2025-12-12,136.36993408203125,139.98731994628906,130.67987060546875,132.3242950439453,5282060650
2025-12-13,132.32403564453125,134.24513244628906,131.98580932617188,133.24746704101562,2024059188
2025-12-14,133.24761962890625,133.5909881591797,128.9016571044922,129.48109436035156,2489001258
2025-12-15,129.48333740234375,134.71762084960938,123.998046875,127.75711822509766,5120043768
2025-12-16,127.75730895996094,129.9452667236328,125.45384979248047,129.25120544433594,3918682307
2025-12-17,129.25282287597656,133.4417724609375,121.55805206298828,123.11980438232422,5452646038
2025-12-18,123.12610626220703,128.76417541503906,117.31623077392578,119.57015228271484,5835673225
2025-12-19,119.57015228271484,127.5052261352539,117.79812622070312,126.1927490234375,5045203467
2025-12-20,126.19405364990234,126.76323699951172,125.39103698730469,125.80903625488281,1703857955
2025-12-21,125.81024169921875,126.45636749267578,123.60157775878906,125.99150085449219,2335972346
2025-12-22,125.99151611328125,128.38507080078125,124.4066162109375,125.80123138427734,3657779407
2025-12-23,125.80123138427734,126.73116302490234,122.32801818847656,123.85721588134766,3084149409
2025-12-24,123.85684204101562,124.10684204101562,120.78385925292969,122.45860290527344,2313559221
2025-12-25,122.45835876464844,124.19391632080078,119.90099334716797,119.9471206665039,2194207451
2025-12-26,119.94737243652344,124.92918395996094,119.57316589355469,122.19595336914062,3779508002
2025-12-27,122.19612121582031,124.74816131591797,121.86039733886719,124.64771270751953,1711358748
2025-12-28,124.6484146118164,125.21761322021484,123.07058715820312,125.19935607910156,2003713687
2025-12-29,125.19874572753906,129.30441284179688,122.42872619628906,123.12522888183594,4871847248
2025-12-30,123.1244888305664,126.19066619873047,122.53900146484375,124.93132019042969,3096711898
2025-12-31,124.93132019042969,127.11942291259766,123.46351623535156,124.48446655273438,3627228070
2026-01-01,124.4847412109375,126.98711395263672,124.0515365600586,126.76112365722656,2461653813
2026-01-02,126.76112365722656,132.98789978027344,125.79122161865234,132.1336669921875,4508641946
2026-01-03,132.13339233398438,133.60838317871094,129.93521118164062,133.29847717285156,2477037555
2026-01-04,133.2982177734375,135.35447692871094,133.22732543945312,133.8996124267578,2982580991
2026-01-05,133.9026336669922,139.63558959960938,133.34866333007812,137.98997497558594,5200675282
2026-01-06,137.9898223876953,143.0365753173828,136.3661346435547,141.09841918945312,5874437271
2026-01-07,141.0961151123047,141.0989227294922,134.6916046142578,136.31301879882812,3910044770
2026-01-08,136.31301879882812,139.83444213867188,132.82118225097656,138.29342651367188,4776764584
2026-01-09,138.29727172851562,140.8950653076172,135.04872131347656,135.7563934326172,5002612595
2026-01-10,135.75704956054688,136.81883239746094,135.29322814941406,135.7270050048828,1631651535
2026-01-11,135.72767639160156,141.0433807373047,135.6405029296875,139.49046325683594,3148787073
2026-01-12,139.49087524414062,143.9115753173828,138.42050170898438,139.1361846923828,6095296933
2026-01-13,139.13543701171875,147.30531311035156,137.80845642089844,145.36087036132812,6784244711
2026-01-14,145.36163330078125,148.21600341796875,143.52069091796875,146.7528076171875,6358680886
2026-01-15,146.75563049316406,146.76199340820312,141.03555297851562,142.3324432373047,4616638822
2026-01-16,142.3328857421875,145.3809814453125,140.43679809570312,144.8604736328125,3652609587
2026-01-17,144.8601531982422,144.8657684326172,143.57345581054688,143.72567749023438,1900249993
2026-01-18,143.72593688964844,143.82252502441406,137.9600372314453,137.99542236328125,2984193864
2026-01-19,137.99720764160156,137.99765014648438,132.81777954101562,133.3386993408203,5018545520
2026-01-20,133.33859252929688,134.38629150390625,125.67015838623047,125.70572662353516,5647782627
2026-01-21,125.70572662353516,131.8393096923828,125.58707427978516,129.3790740966797,5435243612
2026-01-22,129.3789520263672,130.49163818359375,126.85424041748047,128.28834533691406,3212054901
2026-01-23,128.28851318359375,129.72862243652344,125.3766098022461,127.36157989501953,3766000022
2026-01-24,127.363037109375,127.90245056152344,126.56280517578125,127.05381774902344,1620566908
2026-01-25,127.05250549316406,127.22686004638672,117.57979583740234,118.77285766601562,5349293195
2026-01-26,118.77265167236328,125.06038665771484,118.6618423461914,124.13972473144531,4273720547
2026-01-27,124.13898468017578,127.62338256835938,123.04519653320312,127.05479431152344,3683537052
2026-01-28,127.0533218383789,127.9662857055664,124.89337921142578,125.11844635009766,3544660044
2026-01-29,125.11925506591797,125.18667602539062,115.41664123535156,117.60576629638672,6044075471
2026-01-30,117.60324096679688,118.86773681640625,112.96723175048828,117.363037109375,6818716389
2026-01-31,117.36463165283203,118.61029052734375,99.98045349121094,105.441650390625,9542017060
2026-02-01,105.44039916992188,106.20301818847656,98.52946472167969,100.85052490234375,5440089988
2026-02-02,100.8449478149414,105.69131469726562,96.42904663085938,104.47115325927734,6949524331
2026-02-03,104.47044372558594,104.91223907470703,96.8131332397461,97.56390380859375,5824450887
2026-02-04,97.56403350830078,99.45185852050781,89.66161346435547,92.02930450439453,7163239530
2026-02-05,92.02930450439453,92.90266418457031,77.77494049072266,78.18741607666016,10561367080
2026-02-06,78.18553161621094,89.50743865966797,68.69181823730469,87.46477508544922,11668451362
2026-02-07,87.4673080444336,89.0591812133789,84.32820892333984,87.63983154296875,5200795827
2026-02-08,87.63983154296875,88.67376708984375,85.87124633789062,87.04410552978516,3068974562
2026-02-09,87.04224395751953,88.4691162109375,82.9388427734375,86.7017822265625,4074999909
2026-02-10,86.70360565185547,87.34439086914062,81.989990234375,82.91548156738281,2879051689
2026-02-11,82.91615295410156,84.22687530517578,78.39973449707031,79.2542495727539,4305057649
2026-02-12,79.25389862060547,82.10655975341797,76.66899108886719,78.34844207763672,3687924145
2026-02-13,78.34674072265625,85.46414184570312,77.61656951904297,84.32254028320312,3663739655
2026-02-14,84.32231140136719,88.80354309082031,84.23580932617188,88.16083526611328,2954230209
2026-02-15,88.16121673583984,91.07579040527344,85.0082015991211,86.00509643554688,4172988583
2026-02-16,86.00759887695312,86.67033386230469,82.7319107055664,86.42878723144531,3523436883
2026-02-17,86.4288330078125,87.5501708984375,83.13166046142578,85.1976089477539,3175385366
2026-02-18,85.19692993164062,85.85118865966797,80.5713119506836,81.56694793701172,3282222779
2026-02-19,81.56705474853516,82.57433319091797,79.75370025634766,82.39324951171875,2887552822
2026-02-20,82.39338684082031,85.26191711425781,81.85164642333984,84.6351089477539,3866512374
2026-02-21,84.63516998291016,86.6406478881836,84.02863311767578,85.21113586425781,2020472698
2026-02-22,85.21121978759766,85.48234558105469,82.55017852783203,82.79097747802734,2030721314
2026-02-23,82.78715515136719,82.78715515136719,77.27669525146484,77.7533187866211,4967335032
2026-02-24,77.7544174194336,79.57894897460938,76.02326965332031,79.0365219116211,3622232562
2026-02-25,79.0365219116211,91.04756927490234,78.80804443359375,87.91560363769531,5782225888
2026-02-26,87.9095687866211,89.1194076538086,84.5010986328125,85.90911865234375,4154129610
2026-02-27,85.90913391113281,88.04073333740234,80.9331283569336,81.95148468017578,3859172094
2026-02-28,81.9506607055664,85.25884246826172,77.44635772705078,84.36618041992188,4761528427
2026-03-01,84.36634826660156,88.65435028076172,81.84449005126953,83.5776596069336,4665364489
2026-03-02,83.57645416259766,89.88912200927734,82.49097442626953,86.634521484375,5455789912
2026-03-03,86.63624572753906,87.32257080078125,82.87655639648438,87.0197525024414,4835947541
2026-03-04,87.01956939697266,93.82653045654297,84.94286346435547,90.83426666259766,6907739136
2026-03-05,90.83426666259766,92.78878784179688,88.00936889648438,88.69110870361328,4462211662
2026-03-06,88.69347381591797,89.24493408203125,83.7433090209961,84.68180084228516,3739561333
2026-03-07,84.68055725097656,85.00260162353516,82.49453735351562,83.1799545288086,1916017174
2026-03-08,83.18003845214844,84.05389404296875,80.71095275878906,81.62458801269531,2686950610
2026-03-09,81.62455749511719,86.91543579101562,81.59979248046875,84.93617248535156,4216355210
2026-03-10,84.93749237060547,88.63069152832031,84.92603302001953,85.83822631835938,4341777505
2026-03-11,85.8381576538086,87.83213806152344,84.45158386230469,86.56493377685547,3960189193
2026-03-12,86.56668090820312,87.5905990600586,84.81645202636719,86.86779022216797,3741395035
2026-03-13,86.86770629882812,92.88053131103516,86.81328582763672,88.15328979492188,5722483290
2026-03-14,88.15412902832031,88.67119598388672,86.63023376464844,88.07068634033203,2167169768
2026-03-15,88.0704345703125,92.99776458740234,87.49870300292969,92.25182342529297,3277177955
2026-03-16,92.25813293457031,97.41771697998047,91.24591827392578,96.22372436523438,6507301442
2026-03-17,96.22423553466797,96.74771881103516,93.32286071777344,94.70597076416016,4239635773
2026-03-18,94.70464324951172,95.53937530517578,88.81206512451172,90.06571960449219,4331839385
2026-03-19,90.06442260742188,91.22755432128906,87.19413757324219,88.9178466796875,3654219084
2026-03-20,88.91725158691406,90.23690795898438,88.241943359375,89.85356903076172,3090719128
2026-03-21,89.8543701171875,90.76116943359375,87.44123840332031,87.46537017822266,1903136993
2026-03-22,87.46663665771484,89.047119140625,85.29344940185547,86.12834930419922,2979255573
2026-03-23,86.12869262695312,92.16435241699219,85.25033569335938,91.42407989501953,5416789599
2026-03-24,91.42520904541016,92.150390625,88.48899841308594,90.82242584228516,4147126404
2026-03-25,90.82242584228516,93.26300811767578,90.80261993408203,91.70822143554688,3750957246
2026-03-26,91.70822143554688,91.89579772949219,85.51251220703125,86.44393157958984,4280339140
2026-03-27,86.4457015991211,86.91437530517578,82.04327392578125,83.01882934570312,3694287477
2026-03-28,83.0184555053711,84.05540466308594,81.86953735351562,82.0156021118164,2278504599
2026-03-29,82.01568603515625,83.07173919677734,79.57503509521484,81.42240142822266,2398386905
2026-03-30,81.42201232910156,84.7214126586914,81.19849395751953,82.44405364990234,3987544544
2026-03-31,82.44381713867188,84.22917938232422,80.2129135131836,83.10646057128906,4833199759
2026-04-01,83.10919952392578,86.39097595214844,80.93441009521484,81.19525909423828,5093477642
2026-04-02,81.19540405273438,81.70182037353516,76.81694030761719,78.9513168334961,4928225665
2026-04-03,78.9513168334961,80.56055450439453,78.91806030273438,80.36854553222656,2994787677
2026-04-04,80.3687515258789,81.29010009765625,79.74375915527344,80.80838012695312,2127989928
2026-04-05,80.80895233154297,81.96971893310547,78.60292053222656,81.8544921875,2423711503
2026-04-06,81.8546371459961,82.87333679199219,79.73141479492188,80.15157318115234,3541988994
2026-04-07,80.14375305175781,86.81489562988281,78.43101501464844,85.64801025390625,5460070540
2026-04-08,85.64922332763672,85.80680847167969,82.34860229492188,82.58169555664062,4682919248
2026-04-09,82.58191680908203,85.60839080810547,81.54859924316406,83.2977294921875,4470806838
2026-04-10,83.2974853515625,85.48262786865234,82.76587677001953,84.82847595214844,12723244529
2026-04-11,84.82858276367188,86.18183135986328,83.98721313476562,84.94876861572266,11558630681
2026-04-12,84.94941711425781,84.9939193725586,81.40650939941406,81.53523254394531,3897286488
2026-04-13,81.53523254394531,86.6780014038086,81.50765991210938,86.65656280517578,4977932541
2026-04-14,86.65412139892578,87.5316162109375,83.3962173461914,83.77462768554688,5728418790
2026-04-15,83.77422332763672,85.57784271240234,82.74671936035156,84.9193344116211,4650021670
2026-04-16,84.91986083984375,90.37765502929688,84.20401000976562,88.99420928955078,6215173056
2026-04-17,88.99522399902344,90.66972351074219,87.43824005126953,88.87416076660156,6454981141
2026-04-18,88.87432861328125,89.15110778808594,85.94215393066406,86.20271301269531,3619028688
2026-04-19,86.2026138305664,87.0755844116211,83.17298126220703,83.58094787597656,4429065589
2026-04-20,83.5799560546875,86.16846466064453,83.4819107055664,85.33295440673828,4326731566
2026-04-21,85.33198547363281,86.7049789428711,84.42058563232422,86.02946472167969,4083758344
2026-04-22,86.02954864501953,89.2636947631836,86.02729797363281,86.91582489013672,5098022834
2026-04-23,86.91651916503906,87.0466537475586,84.62688446044922,86.14105987548828,4738760145
2026-04-24,86.14019012451172,86.92535400390625,85.07626342773438,86.23188018798828,3681485520
2026-04-25,86.23165130615234,86.7752456665039,85.6143569946289,86.15117645263672,2482382785
2026-04-26,86.15117645263672,87.12043762207031,85.90538024902344,86.97038269042969,2965743271
2026-04-27,86.97071838378906,88.04618072509766,83.8490219116211,84.81778717041016,4759031980
2026-04-28,84.81807708740234,84.90164184570312,83.04501342773438,84.03897857666016,3290032033
2026-04-29,84.0380630493164,85.510009765625,81.62645721435547,83.02687072753906,4529973017
2026-04-30,83.0271224975586,83.93118286132812,82.27413177490234,83.02375793457031,3355884138
2026-05-01,83.02366638183594,84.72229766845703,83.0185317993164,83.72350311279297,3514127644
2026-05-02,83.72327423095703,84.81966400146484,83.51140594482422,84.276611328125,2492556942
2026-05-03,84.27677917480469,84.76557159423828,83.59339141845703,83.89957427978516,2703436374
2026-05-04,83.89957427978516,85.80261993408203,83.36557006835938,84.08985900878906,5375059086
2026-05-05,84.08901977539062,86.894287109375,84.05145263671875,86.3191909790039,4431996628
2026-05-06,86.31890106201172,89.89232635498047,86.13868713378906,89.14501953125,5689603384
2026-05-07,89.14566802978516,90.3149642944336,87.68258666992188,88.40478515625,4791004890
2026-05-08,88.40478515625,92.72510528564453,87.69198608398438,91.94982147216797,4607631630
2026-05-09,91.94982147216797,94.03012084960938,91.89601135253906,93.14551544189453,3739835286
2026-05-10,93.14557647705078,96.81140899658203,92.64257049560547,96.42698669433594,4711429504
2026-05-11,96.42698669433594,98.26667785644531,94.4325180053711,97.35015106201172,5304012390
2026-05-12,97.34989166259766,97.61836242675781,93.642822265625,94.28429412841797,4206766577
2026-05-13,94.28395080566406,95.86444854736328,90.41958618164062,91.0854721069336,4567512131
2026-05-14,91.08574676513672,93.57910919189453,89.8965072631836,92.14872741699219,4117442304
2026-05-15,92.14762878417969,92.56310272216797,88.7619400024414,89.20035552978516,3954608210
2026-05-16,89.20050811767578,89.34794616699219,85.6948013305664,86.53648376464844,3093543960
2026-05-17,86.53648376464844,87.17208099365234,83.80232238769531,85.1729507446289,2900109291
2026-05-18,85.17218780517578,85.66810607910156,83.51810455322266,85.2968978881836,3814216398
2026-05-19,85.2970199584961,85.77772521972656,83.85479736328125,84.20860290527344,2746890424
2026-05-20,84.2085189819336,86.90013885498047,83.86244201660156,86.04193878173828,3466596442
2026-05-21,86.04206085205078,87.78675842285156,85.3567886352539,87.15620422363281,3835849177
2026-05-22,87.15680694580078,87.66146087646484,84.03662109375,84.30709075927734,3382830764
2026-05-23,84.30712127685547,87.14362335205078,81.69161987304688,85.65848541259766,4032785357
2026-05-24,85.65848541259766,86.76220703125,83.82029724121094,85.24969482421875,3092213910
2026-05-25,85.24903106689453,86.36697387695312,84.72305297851562,85.01050567626953,2786627394
2026-05-26,85.00969696044922,85.98423767089844,83.1919174194336,83.58651733398438,3652722719
2026-05-27,83.5865707397461,84.56281280517578,82.0627212524414,82.36812591552734,3313099113
2026-05-28,82.36811065673828,82.8121337890625,80.04185485839844,81.98542785644531,3669754717
2026-05-29,81.9854507446289,83.04985046386719,80.35662078857422,81.93248748779297,3340907091
2026-05-30,81.93128967285156,82.9329605102539,81.92361450195312,82.36000061035156,3195123200
